{"cameraMode":{"drawMode":0,"name":"Shaded","section":"Shading Mode"},"sceneLighting":false,"audioPlay":false,"sceneViewState":{"showFog":true,"showMaterialUpdate":false,"showSkybox":false,"showFlares":true,"showImageEffects":true,"showParticleSystems":true},"in2DMode":false,"pivot":{"x":20.45171356201172,"y":-19.598861694335939,"z":29.606369018554689},"rotation":{"x":-0.2290910929441452,"y":-0.5959161520004273,"z":0.18258331716060639,"w":-0.7477085590362549},"size":57.12248611450195,"orthographic":false}