{"cameraMode":{"drawMode":0,"name":"Shaded","section":"Shading Mode"},"sceneLighting":true,"audioPlay":false,"sceneViewState":{"showFog":true,"showMaterialUpdate":false,"showSkybox":true,"showFlares":true,"showImageEffects":true,"showParticleSystems":true},"in2DMode":false,"pivot":{"x":486.6309509277344,"y":-36.387939453125,"z":413.5},"rotation":{"x":-0.2670145630836487,"y":-0.010986167937517167,"z":0.003048104699701071,"w":-0.9636331796646118},"size":550.3438720703125,"orthographic":false}